{
    "surfaces": [[14,514,64,0,true],[14,514,64,1.5707963267948966,true],[14,450,64,1.5707963267948966,true],[78,514,64,0,true],[88,584,64,0,true],[88,584,64,1.5707963267948966,true],[88,522,64,1.5707963267948966,true],[150,586,64,0,true],[160,514,64,0,true],[160,514,64,1.5707963267948966,true],[160,452,64,1.5707963267948966,true],[222,514,64,0,true],[28,482,44,1.5707963267948966,true],[28,482,22,0.7853981633974483,true],[28,482,22,2.356194490192345,true],[168,482,44,1.5707963267948966,true],[196,498,22,0.7853981633974483,true],[212,482,22,5.497787143782138,true],[120,532,44,3.141592653589793,true],[122,574,22,0.7853981633974483,true],[122,574,22,5.497787143782138,true],[236,626,202,0,true],[236,426,312,4.71238898038469,true],[-8,116,300,1.5707963267948966,false],[516,116,300,1.5707963267948966,false],[516,-64,180,3.141592653589793,false],[292,116,180,0,false],[94,508,48,1.5707963267948966,true],[94,482,48,1.5707963267948966,true],[94,450,48,1.5707963267948966,true],[140,484,34,0,true],[94,510,28,0,true],[464,272,102,4.71238898038469,false],[362,312,100,7.853981633974483,false],[430,276,144,0,false],[394,132,144,3.141592653589793,false],[430,134,38,4.71238898038469,false],[462,312,40,0,false],[362,272,40,3.141592653589793,false]],
    "spawn": [50, 200],
    "endpoint": [700, 200]
}